Response,RT
j,1.9768386071082205
j,5.502774980734102
j,0.4202548206667416
f,0.2660432457923889
f,0.30757666449062526
f,0.2543058928567916
